{
    "Participant ID": "2",
    "Wrist threshold value": 4.0486249999999995,
    "Vibration level history": [
        5,
        3.5,
        4.55,
        3.815,
        4.3294999999999995
    ],
    "Level changing points": [
        3.5,
        4.55,
        3.815,
        4.3294999999999995
    ],
    "Participant answers history": [
        "y",
        "n",
        "y",
        "n",
        "y"
    ]
}