{
    "Participant ID": "1",
    "Wrist threshold value": 1.4419688901333327,
    "Vibration level history": [
        50,
        30,
        10,
        0,
        0,
        14.0,
        28.0,
        18.200000000000003,
        8.400000000000004,
        0,
        0,
        6.8599999999999985,
        13.719999999999997,
        8.918,
        4.1160000000000005,
        0,
        0,
        3.361399999999999,
        6.722799999999998,
        4.369819999999999,
        2.0168399999999997,
        0,
        0,
        1.6470859999999994,
        3.2941719999999988,
        2.1412117999999993,
        0.9882515999999999,
        0,
        0.8070721399999996,
        1.6141442799999992,
        2.4212164199999986,
        1.856265921999999,
        1.2913154239999995,
        0.7263649259999999,
        0.16141442800000028,
        0.5568797766,
        0.9523451251999997,
        1.3478104737999994,
        1.7432758223999991,
        1.4664500783799994
    ],
    "Level changing points": [
        0,
        28.0,
        0,
        13.719999999999997,
        0,
        6.722799999999998,
        0,
        3.2941719999999988,
        0,
        2.4212164199999986,
        0.16141442800000028,
        1.7432758223999991
    ],
    "Participant answers history": [
        "y",
        "y",
        "y",
        "y",
        "n",
        "n",
        "y",
        "y",
        "y",
        "y",
        "n",
        "n",
        "y",
        "y",
        "y",
        "y",
        "n",
        "n",
        "y",
        "y",
        "y",
        "y",
        "n",
        "n",
        "y",
        "y",
        "y",
        "n",
        "n",
        "n",
        "y",
        "y",
        "y",
        "y",
        "n",
        "n",
        "n",
        "n",
        "y",
        "y"
    ]
}