{
    "Participant ID": "1",
    "Wrist threshold value": 0.6443333333333333,
    "Vibration level history": [
        1,
        0.9,
        0.8,
        0.7000000000000001,
        0.6000000000000001,
        0.67,
        0.74,
        0.691,
        0.6419999999999999,
        0.5929999999999999,
        0.6272999999999999,
        0.6615999999999999,
        0.6958999999999999,
        0.7301999999999998,
        0.7644999999999998,
        0.7987999999999998,
        0.8330999999999998,
        0.8673999999999998,
        0.9016999999999998,
        0.9359999999999998
    ],
    "Level changing points": [
        0.6000000000000001,
        0.74,
        0.5929999999999999
    ],
    "Participant answers history": [
        "y",
        "y",
        "y",
        "y",
        "n",
        "n",
        "y",
        "y",
        "y",
        "n",
        "n",
        "n",
        "n",
        "n",
        "n",
        "n",
        "n",
        "n",
        "n",
        "n"
    ]
}